Email,FirstName,LastName
james.bond@mi6.com,James,Bond
tony.stark@starkindustries.com,Tony,Stark
ellen.ripley@weyland-yutani.com,Ellen,Ripley
indiana.jones@marshall.edu,Indiana,Jones
harry.potter@hogwarts.edu,Harry,Potter
luke.skywalker@jediorder.org,Luke,Skywalker
marty.mcfly@hillvalley.edu,Marty,McFly
dorothy.gale@kansas.us,Dorothy,Gale
han.solo@millenniumfalcon.com,Han,Solo
forrest.gump@alabama.us,Forrest,Gump