FirstName,LastName,Email
JOHN,Smith,john.smith@funnydomain.com
Jane,Doe,jane.doe@hilariousmail.com
bRiAn,Johnson,brian.johnson@laughingzone.com
Mary,Wilson,mary.wilson@gigglyweb.com
aLeX,Brown,alex.brown@chucklemail.com
Helen,Martinez,helen.martinez@smirknet.com
MiCHAeL,Garcia,michael.garcia@grinmail.com
Linda,Thomas,linda.thomas@smilehub.com
steVe,Jackson,steve.jackson@jollymail.com
SaRAh,Lee,sarah.lee@comicinbox.com