Email,FirstName,LastName
john.doe@gmail.com,#John,Doe
jane.doe@yahoo.com,'@Jane,Doe
mark.smith@hotmail.com,'@Mark,Smith
sara.johnson@outlook.com,#Sara,Johnson
adam.wilson@gmail.com,#Adam,Wilson
emily.brown@yahoo.com,'@Emily,Brown
jason.kim@outlook.com,'@Jason,Kim
lisa.williams@gmail.com,#Lisa,Williams
matt.hall@yahoo.com,'@Matt,Hall
tom.green@gmail.com,'@Tom,Green
susan.jones@yahoo.com,'@Susan,Jones
jack.baker@outlook.com,'@Jack,Baker
megan.taylor@gmail.com,#Megan,Taylor
jessica.nguyen@hotmail.com,'@Jessica,Nguyen
kevin.huang@gmail.com,#Kevin,Huang
julie.chen@yahoo.com,'@Julie,Chen
chris.lee@outlook.com,'@Chris,Lee
sophie.wu@gmail.com,#Sophie,Wu