Email,FirstName,LastName,City
john.doe@abc.com,John,Doe,New York
jane.doe@xyz.com,Jane,Doe,Los Angeles
jim.smith@def.com,Jim,Smith,Halifax
sara.johnson@ghi.com,Sara,Johnson,Houston
mike.brown@jkl.com,Mike,Brown,Miami
amy.white@mno.com,Amy,White,San Diego
kevin.black@pqr.com,Kevin,Black,Halifax
karen.green@stu.com,Karen,Green,Phoenix
chris.taylor@vwx.com,Chris,Taylor,Seattle
katie.jackson@yzabcorp.com,Katie,Jackson,Boston